Product_name,Product_price,Rate,Review,Summary
Apple iPhone 14,14640,2,Too bulky for everyday use.,Too bulky for everyday use. I wouldn't recommend this product.
Apple iPhone 14,14640,3,It gets hot after a short time.,It gets hot after a short time. I wouldn't recommend this product.
Apple iPhone 14,14640,2,Battery life could be better.,Battery life could be better. I wouldn't recommend this product.
Apple iPhone 14,14640,5,Best purchase I've made this year.,"Best purchase I've made this year. Overall, it's a great choice."
Apple iPhone 14,14640,4,Works like a charm.,"Works like a charm. Overall, it's a great choice."
Apple iPhone 14,14640,2,Too bulky for everyday use.,Too bulky for everyday use. I wouldn't recommend this product.
Apple iPhone 14,14640,1,Very difficult to set up.,Very difficult to set up. I wouldn't recommend this product.
Apple iPhone 14,14640,4,Lightweight and portable.,"Lightweight and portable. Overall, it's a great choice."
Apple iPhone 14,14640,5,This product exceeded my expectations.,"This product exceeded my expectations. Overall, it's a great choice."
Apple iPhone 14,14640,2,Too bulky for everyday use.,Too bulky for everyday use. I wouldn't recommend this product.
Samsung Galaxy S23,10750,3,The performance is underwhelming.,The performance is underwhelming. I wouldn't recommend this product.
Samsung Galaxy S23,10750,1,Too bulky for everyday use.,Too bulky for everyday use. I wouldn't recommend this product.
Samsung Galaxy S23,10750,3,Battery life could be better.,Battery life could be better. I wouldn't recommend this product.
Samsung Galaxy S23,10750,1,It does not meet my expectations.,It does not meet my expectations. I wouldn't recommend this product.
Samsung Galaxy S23,10750,5,Very user-friendly.,"Very user-friendly. Overall, it's a great choice."
Samsung Galaxy S23,10750,5,Absolutely love this!,"Absolutely love this! Overall, it's a great choice."
Samsung Galaxy S23,10750,2,It does not meet my expectations.,It does not meet my expectations. I wouldn't recommend this product.
Samsung Galaxy S23,10750,1,It gets hot after a short time.,It gets hot after a short time. I wouldn't recommend this product.
Samsung Galaxy S23,10750,3,It broke after a month of use.,It broke after a month of use. I wouldn't recommend this product.
Samsung Galaxy S23,10750,3,Not worth the price.,Not worth the price. I wouldn't recommend this product.
Google Pixel 7,13610,5,Sound quality is outstanding!,"Sound quality is outstanding! Overall, it's a great choice."
Google Pixel 7,13610,4,Best purchase I've made this year.,"Best purchase I've made this year. Overall, it's a great choice."
Google Pixel 7,13610,5,Intuitive interface.,"Intuitive interface. Overall, it's a great choice."
Google Pixel 7,13610,1,Limited features for the price.,Limited features for the price. I wouldn't recommend this product.
Google Pixel 7,13610,3,Battery life could be better.,Battery life could be better. I wouldn't recommend this product.
Google Pixel 7,13610,1,It gets hot after a short time.,It gets hot after a short time. I wouldn't recommend this product.
Google Pixel 7,13610,4,Fantastic performance!,"Fantastic performance! Overall, it's a great choice."
Google Pixel 7,13610,4,Sound quality is outstanding!,"Sound quality is outstanding! Overall, it's a great choice."
Google Pixel 7,13610,3,Poor build quality.,Poor build quality. I wouldn't recommend this product.
Google Pixel 7,13610,5,Great value for the price.,"Great value for the price. Overall, it's a great choice."
Sony WH-1000XM5,10430,4,This product exceeded my expectations.,"This product exceeded my expectations. Overall, it's a great choice."
Sony WH-1000XM5,10430,2,It broke after a month of use.,It broke after a month of use. I wouldn't recommend this product.
Sony WH-1000XM5,10430,1,The screen is too dim.,The screen is too dim. I wouldn't recommend this product.
Sony WH-1000XM5,10430,2,It gets hot after a short time.,It gets hot after a short time. I wouldn't recommend this product.
Sony WH-1000XM5,10430,3,Poor build quality.,Poor build quality. I wouldn't recommend this product.
Sony WH-1000XM5,10430,4,Absolutely love this!,"Absolutely love this! Overall, it's a great choice."
Sony WH-1000XM5,10430,1,Limited features for the price.,Limited features for the price. I wouldn't recommend this product.
Sony WH-1000XM5,10430,3,Not as advertised.,Not as advertised. I wouldn't recommend this product.
Sony WH-1000XM5,10430,2,It broke after a month of use.,It broke after a month of use. I wouldn't recommend this product.
Sony WH-1000XM5,10430,3,I had some issues with the setup.,I had some issues with the setup. I wouldn't recommend this product.
Bose QuietComfort 45,14160,2,Limited features for the price.,Limited features for the price. I wouldn't recommend this product.
Bose QuietComfort 45,14160,1,It gets hot after a short time.,It gets hot after a short time. I wouldn't recommend this product.
Bose QuietComfort 45,14160,3,Not as advertised.,Not as advertised. I wouldn't recommend this product.
Bose QuietComfort 45,14160,4,Intuitive interface.,"Intuitive interface. Overall, it's a great choice."
Bose QuietComfort 45,14160,2,Too bulky for everyday use.,Too bulky for everyday use. I wouldn't recommend this product.
Bose QuietComfort 45,14160,4,The quality is top-notch.,"The quality is top-notch. Overall, it's a great choice."
Bose QuietComfort 45,14160,3,It gets hot after a short time.,It gets hot after a short time. I wouldn't recommend this product.
Bose QuietComfort 45,14160,3,It broke after a month of use.,It broke after a month of use. I wouldn't recommend this product.
Bose QuietComfort 45,14160,4,Sturdy and well-built.,"Sturdy and well-built. Overall, it's a great choice."
Bose QuietComfort 45,14160,5,This product is a game changer.,"This product is a game changer. Overall, it's a great choice."
Dell XPS 13,12820,1,The app is very glitchy.,The app is very glitchy. I wouldn't recommend this product.
Dell XPS 13,12820,3,Very difficult to set up.,Very difficult to set up. I wouldn't recommend this product.
Dell XPS 13,12820,2,The screen is too dim.,The screen is too dim. I wouldn't recommend this product.
Dell XPS 13,12820,2,It does not meet my expectations.,It does not meet my expectations. I wouldn't recommend this product.
Dell XPS 13,12820,1,It does not meet my expectations.,It does not meet my expectations. I wouldn't recommend this product.
Dell XPS 13,12820,5,This product exceeded my expectations.,"This product exceeded my expectations. Overall, it's a great choice."
Dell XPS 13,12820,3,Poor build quality.,Poor build quality. I wouldn't recommend this product.
Dell XPS 13,12820,4,Perfect for my needs!,"Perfect for my needs! Overall, it's a great choice."
Dell XPS 13,12820,1,Limited features for the price.,Limited features for the price. I wouldn't recommend this product.
Dell XPS 13,12820,5,Highly recommend it for anyone in the market.,"Highly recommend it for anyone in the market. Overall, it's a great choice."
Apple MacBook Air M2,14540,3,The app is very glitchy.,The app is very glitchy. I wouldn't recommend this product.
Apple MacBook Air M2,14540,3,Too bulky for everyday use.,Too bulky for everyday use. I wouldn't recommend this product.
Apple MacBook Air M2,14540,5,Perfect for my needs!,"Perfect for my needs! Overall, it's a great choice."
Apple MacBook Air M2,14540,5,Fantastic performance!,"Fantastic performance! Overall, it's a great choice."
Apple MacBook Air M2,14540,3,The performance is underwhelming.,The performance is underwhelming. I wouldn't recommend this product.
Apple MacBook Air M2,14540,2,Battery life could be better.,Battery life could be better. I wouldn't recommend this product.
Apple MacBook Air M2,14540,5,Fast and reliable.,"Fast and reliable. Overall, it's a great choice."
Apple MacBook Air M2,14540,2,Limited features for the price.,Limited features for the price. I wouldn't recommend this product.
Apple MacBook Air M2,14540,4,Great value for the price.,"Great value for the price. Overall, it's a great choice."
Apple MacBook Air M2,14540,2,Customer service was unhelpful.,Customer service was unhelpful. I wouldn't recommend this product.
Microsoft Surface Laptop 5,11740,4,Sound quality is outstanding!,"Sound quality is outstanding! Overall, it's a great choice."
Microsoft Surface Laptop 5,11740,5,Sound quality is outstanding!,"Sound quality is outstanding! Overall, it's a great choice."
Microsoft Surface Laptop 5,11740,3,Poor build quality.,Poor build quality. I wouldn't recommend this product.
Microsoft Surface Laptop 5,11740,5,Very user-friendly.,"Very user-friendly. Overall, it's a great choice."
Microsoft Surface Laptop 5,11740,4,Absolutely love this!,"Absolutely love this! Overall, it's a great choice."
Microsoft Surface Laptop 5,11740,4,Great value for the price.,"Great value for the price. Overall, it's a great choice."
Microsoft Surface Laptop 5,11740,2,I had some issues with the setup.,I had some issues with the setup. I wouldn't recommend this product.
Microsoft Surface Laptop 5,11740,1,The screen is too dim.,The screen is too dim. I wouldn't recommend this product.
Microsoft Surface Laptop 5,11740,5,Works like a charm.,"Works like a charm. Overall, it's a great choice."
Microsoft Surface Laptop 5,11740,3,The app is very glitchy.,The app is very glitchy. I wouldn't recommend this product.
ASUS ROG Zephyrus G14,11390,4,Great value for the price.,"Great value for the price. Overall, it's a great choice."
ASUS ROG Zephyrus G14,11390,1,The app is very glitchy.,The app is very glitchy. I wouldn't recommend this product.
ASUS ROG Zephyrus G14,11390,4,Lightweight and portable.,"Lightweight and portable. Overall, it's a great choice."
ASUS ROG Zephyrus G14,11390,3,Very difficult to set up.,Very difficult to set up. I wouldn't recommend this product.
ASUS ROG Zephyrus G14,11390,1,Customer service was unhelpful.,Customer service was unhelpful. I wouldn't recommend this product.
ASUS ROG Zephyrus G14,11390,5,Sturdy and well-built.,"Sturdy and well-built. Overall, it's a great choice."
ASUS ROG Zephyrus G14,11390,2,Very difficult to set up.,Very difficult to set up. I wouldn't recommend this product.
ASUS ROG Zephyrus G14,11390,4,Fast and reliable.,"Fast and reliable. Overall, it's a great choice."
ASUS ROG Zephyrus G14,11390,1,Poor build quality.,Poor build quality. I wouldn't recommend this product.
ASUS ROG Zephyrus G14,11390,5,This product exceeded my expectations.,"This product exceeded my expectations. Overall, it's a great choice."
OnePlus 11,11330,5,Perfect for my needs!,"Perfect for my needs! Overall, it's a great choice."
OnePlus 11,11330,1,I had some issues with the setup.,I had some issues with the setup. I wouldn't recommend this product.
OnePlus 11,11330,5,Absolutely love this!,"Absolutely love this! Overall, it's a great choice."
OnePlus 11,11330,2,Battery life could be better.,Battery life could be better. I wouldn't recommend this product.
OnePlus 11,11330,1,Very difficult to set up.,Very difficult to set up. I wouldn't recommend this product.
OnePlus 11,11330,5,Lightweight and portable.,"Lightweight and portable. Overall, it's a great choice."
OnePlus 11,11330,4,Sturdy and well-built.,"Sturdy and well-built. Overall, it's a great choice."
OnePlus 11,11330,3,Customer service was unhelpful.,Customer service was unhelpful. I wouldn't recommend this product.
OnePlus 11,11330,1,Too bulky for everyday use.,Too bulky for everyday use. I wouldn't recommend this product.
OnePlus 11,11330,1,Limited features for the price.,Limited features for the price. I wouldn't recommend this product.
Apple AirPods Pro,12440,5,Sound quality is outstanding!,"Sound quality is outstanding! Overall, it's a great choice."
Apple AirPods Pro,12440,3,It gets hot after a short time.,It gets hot after a short time. I wouldn't recommend this product.
Apple AirPods Pro,12440,2,It broke after a month of use.,It broke after a month of use. I wouldn't recommend this product.
Apple AirPods Pro,12440,2,The screen is too dim.,The screen is too dim. I wouldn't recommend this product.
Apple AirPods Pro,12440,3,The sound quality is disappointing.,The sound quality is disappointing. I wouldn't recommend this product.
Apple AirPods Pro,12440,4,Absolutely love this!,"Absolutely love this! Overall, it's a great choice."
Apple AirPods Pro,12440,1,Not worth the price.,Not worth the price. I wouldn't recommend this product.
Apple AirPods Pro,12440,4,This product exceeded my expectations.,"This product exceeded my expectations. Overall, it's a great choice."
Apple AirPods Pro,12440,1,Customer service was unhelpful.,Customer service was unhelpful. I wouldn't recommend this product.
Apple AirPods Pro,12440,1,Very difficult to set up.,Very difficult to set up. I wouldn't recommend this product.
Samsung Galaxy Buds2,13190,1,Too bulky for everyday use.,Too bulky for everyday use. I wouldn't recommend this product.
Samsung Galaxy Buds2,13190,3,It does not meet my expectations.,It does not meet my expectations. I wouldn't recommend this product.
Samsung Galaxy Buds2,13190,2,Limited features for the price.,Limited features for the price. I wouldn't recommend this product.
Samsung Galaxy Buds2,13190,5,This product is a game changer.,"This product is a game changer. Overall, it's a great choice."
Samsung Galaxy Buds2,13190,3,The performance is underwhelming.,The performance is underwhelming. I wouldn't recommend this product.
Samsung Galaxy Buds2,13190,4,Best purchase I've made this year.,"Best purchase I've made this year. Overall, it's a great choice."
Samsung Galaxy Buds2,13190,1,I had some issues with the setup.,I had some issues with the setup. I wouldn't recommend this product.
Samsung Galaxy Buds2,13190,3,Very difficult to set up.,Very difficult to set up. I wouldn't recommend this product.
Samsung Galaxy Buds2,13190,1,Too bulky for everyday use.,Too bulky for everyday use. I wouldn't recommend this product.
Samsung Galaxy Buds2,13190,1,It gets hot after a short time.,It gets hot after a short time. I wouldn't recommend this product.
Fitbit Charge 5,12280,4,Best purchase I've made this year.,"Best purchase I've made this year. Overall, it's a great choice."
Fitbit Charge 5,12280,1,The performance is underwhelming.,The performance is underwhelming. I wouldn't recommend this product.
Fitbit Charge 5,12280,2,The sound quality is disappointing.,The sound quality is disappointing. I wouldn't recommend this product.
Fitbit Charge 5,12280,5,Intuitive interface.,"Intuitive interface. Overall, it's a great choice."
Fitbit Charge 5,12280,3,Battery life could be better.,Battery life could be better. I wouldn't recommend this product.
Fitbit Charge 5,12280,2,The app is very glitchy.,The app is very glitchy. I wouldn't recommend this product.
Fitbit Charge 5,12280,4,Great value for the price.,"Great value for the price. Overall, it's a great choice."
Fitbit Charge 5,12280,5,Intuitive interface.,"Intuitive interface. Overall, it's a great choice."
Fitbit Charge 5,12280,4,Lightweight and portable.,"Lightweight and portable. Overall, it's a great choice."
Fitbit Charge 5,12280,3,Limited features for the price.,Limited features for the price. I wouldn't recommend this product.
Garmin Forerunner 245,13050,5,The quality is top-notch.,"The quality is top-notch. Overall, it's a great choice."
Garmin Forerunner 245,13050,1,Too bulky for everyday use.,Too bulky for everyday use. I wouldn't recommend this product.
Garmin Forerunner 245,13050,4,Best purchase I've made this year.,"Best purchase I've made this year. Overall, it's a great choice."
Garmin Forerunner 245,13050,5,Very user-friendly.,"Very user-friendly. Overall, it's a great choice."
Garmin Forerunner 245,13050,1,It broke after a month of use.,It broke after a month of use. I wouldn't recommend this product.
Garmin Forerunner 245,13050,1,Not as advertised.,Not as advertised. I wouldn't recommend this product.
Garmin Forerunner 245,13050,5,Absolutely love this!,"Absolutely love this! Overall, it's a great choice."
Garmin Forerunner 245,13050,5,Intuitive interface.,"Intuitive interface. Overall, it's a great choice."
Garmin Forerunner 245,13050,5,Very user-friendly.,"Very user-friendly. Overall, it's a great choice."
Garmin Forerunner 245,13050,4,Intuitive interface.,"Intuitive interface. Overall, it's a great choice."
Sony PlayStation 5,13890,5,Lightweight and portable.,"Lightweight and portable. Overall, it's a great choice."
Sony PlayStation 5,13890,1,It gets hot after a short time.,It gets hot after a short time. I wouldn't recommend this product.
Sony PlayStation 5,13890,1,The app is very glitchy.,The app is very glitchy. I wouldn't recommend this product.
Sony PlayStation 5,13890,1,The sound quality is disappointing.,The sound quality is disappointing. I wouldn't recommend this product.
Sony PlayStation 5,13890,3,The sound quality is disappointing.,The sound quality is disappointing. I wouldn't recommend this product.
Sony PlayStation 5,13890,4,Sound quality is outstanding!,"Sound quality is outstanding! Overall, it's a great choice."
Sony PlayStation 5,13890,3,It does not meet my expectations.,It does not meet my expectations. I wouldn't recommend this product.
Sony PlayStation 5,13890,3,The sound quality is disappointing.,The sound quality is disappointing. I wouldn't recommend this product.
Sony PlayStation 5,13890,2,Battery life could be better.,Battery life could be better. I wouldn't recommend this product.
Sony PlayStation 5,13890,1,It gets hot after a short time.,It gets hot after a short time. I wouldn't recommend this product.
Xbox Series X,10020,4,Intuitive interface.,"Intuitive interface. Overall, it's a great choice."
Xbox Series X,10020,1,It does not meet my expectations.,It does not meet my expectations. I wouldn't recommend this product.
Xbox Series X,10020,3,It gets hot after a short time.,It gets hot after a short time. I wouldn't recommend this product.
Xbox Series X,10020,4,Great value for the price.,"Great value for the price. Overall, it's a great choice."
Xbox Series X,10020,4,Works like a charm.,"Works like a charm. Overall, it's a great choice."
Xbox Series X,10020,5,Perfect for my needs!,"Perfect for my needs! Overall, it's a great choice."
Xbox Series X,10020,2,Customer service was unhelpful.,Customer service was unhelpful. I wouldn't recommend this product.
Xbox Series X,10020,1,Poor build quality.,Poor build quality. I wouldn't recommend this product.
Xbox Series X,10020,5,Fantastic performance!,"Fantastic performance! Overall, it's a great choice."
Xbox Series X,10020,2,It broke after a month of use.,It broke after a month of use. I wouldn't recommend this product.
NVIDIA GeForce RTX 4090,10430,2,Not as advertised.,Not as advertised. I wouldn't recommend this product.
NVIDIA GeForce RTX 4090,10430,2,Very difficult to set up.,Very difficult to set up. I wouldn't recommend this product.
NVIDIA GeForce RTX 4090,10430,1,The screen is too dim.,The screen is too dim. I wouldn't recommend this product.
NVIDIA GeForce RTX 4090,10430,3,The sound quality is disappointing.,The sound quality is disappointing. I wouldn't recommend this product.
NVIDIA GeForce RTX 4090,10430,5,Intuitive interface.,"Intuitive interface. Overall, it's a great choice."
NVIDIA GeForce RTX 4090,10430,1,Not as advertised.,Not as advertised. I wouldn't recommend this product.
NVIDIA GeForce RTX 4090,10430,2,Battery life could be better.,Battery life could be better. I wouldn't recommend this product.
NVIDIA GeForce RTX 4090,10430,2,Poor build quality.,Poor build quality. I wouldn't recommend this product.
NVIDIA GeForce RTX 4090,10430,5,Intuitive interface.,"Intuitive interface. Overall, it's a great choice."
NVIDIA GeForce RTX 4090,10430,1,It gets hot after a short time.,It gets hot after a short time. I wouldn't recommend this product.
AMD Ryzen 9 7950X,13730,3,Battery life could be better.,Battery life could be better. I wouldn't recommend this product.
AMD Ryzen 9 7950X,13730,2,The screen is too dim.,The screen is too dim. I wouldn't recommend this product.
AMD Ryzen 9 7950X,13730,3,The app is very glitchy.,The app is very glitchy. I wouldn't recommend this product.
AMD Ryzen 9 7950X,13730,2,It does not meet my expectations.,It does not meet my expectations. I wouldn't recommend this product.
AMD Ryzen 9 7950X,13730,1,The performance is underwhelming.,The performance is underwhelming. I wouldn't recommend this product.
AMD Ryzen 9 7950X,13730,4,Works like a charm.,"Works like a charm. Overall, it's a great choice."
AMD Ryzen 9 7950X,13730,4,The quality is top-notch.,"The quality is top-notch. Overall, it's a great choice."
AMD Ryzen 9 7950X,13730,5,Fast and reliable.,"Fast and reliable. Overall, it's a great choice."
AMD Ryzen 9 7950X,13730,3,Limited features for the price.,Limited features for the price. I wouldn't recommend this product.
AMD Ryzen 9 7950X,13730,3,The performance is underwhelming.,The performance is underwhelming. I wouldn't recommend this product.
Logitech MX Master 3,13800,3,Very difficult to set up.,Very difficult to set up. I wouldn't recommend this product.
Logitech MX Master 3,13800,3,Not as advertised.,Not as advertised. I wouldn't recommend this product.
Logitech MX Master 3,13800,5,Highly recommend it for anyone in the market.,"Highly recommend it for anyone in the market. Overall, it's a great choice."
Logitech MX Master 3,13800,3,It broke after a month of use.,It broke after a month of use. I wouldn't recommend this product.
Logitech MX Master 3,13800,3,Very difficult to set up.,Very difficult to set up. I wouldn't recommend this product.
Logitech MX Master 3,13800,2,Too bulky for everyday use.,Too bulky for everyday use. I wouldn't recommend this product.
Logitech MX Master 3,13800,4,Best purchase I've made this year.,"Best purchase I've made this year. Overall, it's a great choice."
Logitech MX Master 3,13800,4,Intuitive interface.,"Intuitive interface. Overall, it's a great choice."
Logitech MX Master 3,13800,1,I had some issues with the setup.,I had some issues with the setup. I wouldn't recommend this product.
Logitech MX Master 3,13800,1,It gets hot after a short time.,It gets hot after a short time. I wouldn't recommend this product.
Razer Huntsman Elite,11190,4,Absolutely love this!,"Absolutely love this! Overall, it's a great choice."
Razer Huntsman Elite,11190,5,This product exceeded my expectations.,"This product exceeded my expectations. Overall, it's a great choice."
Razer Huntsman Elite,11190,5,Works like a charm.,"Works like a charm. Overall, it's a great choice."
Razer Huntsman Elite,11190,2,Too bulky for everyday use.,Too bulky for everyday use. I wouldn't recommend this product.
Razer Huntsman Elite,11190,4,The quality is top-notch.,"The quality is top-notch. Overall, it's a great choice."
Razer Huntsman Elite,11190,4,The quality is top-notch.,"The quality is top-notch. Overall, it's a great choice."
Razer Huntsman Elite,11190,2,Too bulky for everyday use.,Too bulky for everyday use. I wouldn't recommend this product.
Razer Huntsman Elite,11190,1,Very difficult to set up.,Very difficult to set up. I wouldn't recommend this product.
Razer Huntsman Elite,11190,1,The sound quality is disappointing.,The sound quality is disappointing. I wouldn't recommend this product.
Razer Huntsman Elite,11190,5,Perfect for my needs!,"Perfect for my needs! Overall, it's a great choice."
HP Spectre x360,14940,3,The sound quality is disappointing.,The sound quality is disappointing. I wouldn't recommend this product.
HP Spectre x360,14940,4,Works like a charm.,"Works like a charm. Overall, it's a great choice."
HP Spectre x360,14940,2,It does not meet my expectations.,It does not meet my expectations. I wouldn't recommend this product.
HP Spectre x360,14940,1,It broke after a month of use.,It broke after a month of use. I wouldn't recommend this product.
HP Spectre x360,14940,1,The app is very glitchy.,The app is very glitchy. I wouldn't recommend this product.
HP Spectre x360,14940,3,Limited features for the price.,Limited features for the price. I wouldn't recommend this product.
HP Spectre x360,14940,4,Absolutely love this!,"Absolutely love this! Overall, it's a great choice."
HP Spectre x360,14940,4,Intuitive interface.,"Intuitive interface. Overall, it's a great choice."
HP Spectre x360,14940,4,Sturdy and well-built.,"Sturdy and well-built. Overall, it's a great choice."
HP Spectre x360,14940,4,Sturdy and well-built.,"Sturdy and well-built. Overall, it's a great choice."
Lenovo ThinkPad X1 Carbon,11400,2,Very difficult to set up.,Very difficult to set up. I wouldn't recommend this product.
Lenovo ThinkPad X1 Carbon,11400,5,This product is a game changer.,"This product is a game changer. Overall, it's a great choice."
Lenovo ThinkPad X1 Carbon,11400,2,Not as advertised.,Not as advertised. I wouldn't recommend this product.
Lenovo ThinkPad X1 Carbon,11400,4,Highly recommend it for anyone in the market.,"Highly recommend it for anyone in the market. Overall, it's a great choice."
Lenovo ThinkPad X1 Carbon,11400,5,This product is a game changer.,"This product is a game changer. Overall, it's a great choice."
Lenovo ThinkPad X1 Carbon,11400,5,Best purchase I've made this year.,"Best purchase I've made this year. Overall, it's a great choice."
Lenovo ThinkPad X1 Carbon,11400,4,Perfect for my needs!,"Perfect for my needs! Overall, it's a great choice."
Lenovo ThinkPad X1 Carbon,11400,3,Not worth the price.,Not worth the price. I wouldn't recommend this product.
Lenovo ThinkPad X1 Carbon,11400,3,Battery life could be better.,Battery life could be better. I wouldn't recommend this product.
Lenovo ThinkPad X1 Carbon,11400,3,Limited features for the price.,Limited features for the price. I wouldn't recommend this product.
Apple Watch Series 8,14610,4,Great value for the price.,"Great value for the price. Overall, it's a great choice."
Apple Watch Series 8,14610,4,Absolutely love this!,"Absolutely love this! Overall, it's a great choice."
Apple Watch Series 8,14610,4,Sound quality is outstanding!,"Sound quality is outstanding! Overall, it's a great choice."
Apple Watch Series 8,14610,5,Intuitive interface.,"Intuitive interface. Overall, it's a great choice."
Apple Watch Series 8,14610,1,I had some issues with the setup.,I had some issues with the setup. I wouldn't recommend this product.
Apple Watch Series 8,14610,3,Limited features for the price.,Limited features for the price. I wouldn't recommend this product.
Apple Watch Series 8,14610,1,It gets hot after a short time.,It gets hot after a short time. I wouldn't recommend this product.
Apple Watch Series 8,14610,5,The quality is top-notch.,"The quality is top-notch. Overall, it's a great choice."
Apple Watch Series 8,14610,2,Battery life could be better.,Battery life could be better. I wouldn't recommend this product.
Apple Watch Series 8,14610,3,Poor build quality.,Poor build quality. I wouldn't recommend this product.
Samsung Galaxy Watch 5,11830,3,Poor build quality.,Poor build quality. I wouldn't recommend this product.
Samsung Galaxy Watch 5,11830,5,This product exceeded my expectations.,"This product exceeded my expectations. Overall, it's a great choice."
Samsung Galaxy Watch 5,11830,3,Customer service was unhelpful.,Customer service was unhelpful. I wouldn't recommend this product.
Samsung Galaxy Watch 5,11830,2,The sound quality is disappointing.,The sound quality is disappointing. I wouldn't recommend this product.
Samsung Galaxy Watch 5,11830,1,Not as advertised.,Not as advertised. I wouldn't recommend this product.
Samsung Galaxy Watch 5,11830,5,Sound quality is outstanding!,"Sound quality is outstanding! Overall, it's a great choice."
Samsung Galaxy Watch 5,11830,4,Intuitive interface.,"Intuitive interface. Overall, it's a great choice."
Samsung Galaxy Watch 5,11830,3,I had some issues with the setup.,I had some issues with the setup. I wouldn't recommend this product.
Samsung Galaxy Watch 5,11830,2,It does not meet my expectations.,It does not meet my expectations. I wouldn't recommend this product.
Samsung Galaxy Watch 5,11830,1,It does not meet my expectations.,It does not meet my expectations. I wouldn't recommend this product.
Oculus Quest 2,12420,1,The performance is underwhelming.,The performance is underwhelming. I wouldn't recommend this product.
Oculus Quest 2,12420,1,Limited features for the price.,Limited features for the price. I wouldn't recommend this product.
Oculus Quest 2,12420,1,Battery life could be better.,Battery life could be better. I wouldn't recommend this product.
Oculus Quest 2,12420,1,Poor build quality.,Poor build quality. I wouldn't recommend this product.
Oculus Quest 2,12420,3,Not as advertised.,Not as advertised. I wouldn't recommend this product.
Oculus Quest 2,12420,2,Limited features for the price.,Limited features for the price. I wouldn't recommend this product.
Oculus Quest 2,12420,2,It gets hot after a short time.,It gets hot after a short time. I wouldn't recommend this product.
Oculus Quest 2,12420,2,It broke after a month of use.,It broke after a month of use. I wouldn't recommend this product.
Oculus Quest 2,12420,1,It broke after a month of use.,It broke after a month of use. I wouldn't recommend this product.
Oculus Quest 2,12420,3,The performance is underwhelming.,The performance is underwhelming. I wouldn't recommend this product.
GoPro HERO10,14180,3,The screen is too dim.,The screen is too dim. I wouldn't recommend this product.
GoPro HERO10,14180,4,Fantastic performance!,"Fantastic performance! Overall, it's a great choice."
GoPro HERO10,14180,5,Fast and reliable.,"Fast and reliable. Overall, it's a great choice."
GoPro HERO10,14180,1,It gets hot after a short time.,It gets hot after a short time. I wouldn't recommend this product.
GoPro HERO10,14180,5,Fast and reliable.,"Fast and reliable. Overall, it's a great choice."
GoPro HERO10,14180,4,The quality is top-notch.,"The quality is top-notch. Overall, it's a great choice."
GoPro HERO10,14180,5,This product is a game changer.,"This product is a game changer. Overall, it's a great choice."
GoPro HERO10,14180,1,Poor build quality.,Poor build quality. I wouldn't recommend this product.
GoPro HERO10,14180,2,Too bulky for everyday use.,Too bulky for everyday use. I wouldn't recommend this product.
GoPro HERO10,14180,5,This product exceeded my expectations.,"This product exceeded my expectations. Overall, it's a great choice."
DJI Mini 2,12390,4,Best purchase I've made this year.,"Best purchase I've made this year. Overall, it's a great choice."
DJI Mini 2,12390,4,Fast and reliable.,"Fast and reliable. Overall, it's a great choice."
DJI Mini 2,12390,2,The app is very glitchy.,The app is very glitchy. I wouldn't recommend this product.
DJI Mini 2,12390,3,Not as advertised.,Not as advertised. I wouldn't recommend this product.
DJI Mini 2,12390,2,Very difficult to set up.,Very difficult to set up. I wouldn't recommend this product.
DJI Mini 2,12390,4,Sturdy and well-built.,"Sturdy and well-built. Overall, it's a great choice."
DJI Mini 2,12390,2,Battery life could be better.,Battery life could be better. I wouldn't recommend this product.
DJI Mini 2,12390,2,Battery life could be better.,Battery life could be better. I wouldn't recommend this product.
DJI Mini 2,12390,1,Not worth the price.,Not worth the price. I wouldn't recommend this product.
DJI Mini 2,12390,3,The sound quality is disappointing.,The sound quality is disappointing. I wouldn't recommend this product.
Canon EOS R6,13850,3,The performance is underwhelming.,The performance is underwhelming. I wouldn't recommend this product.
Canon EOS R6,13850,2,Not worth the price.,Not worth the price. I wouldn't recommend this product.
Canon EOS R6,13850,4,Absolutely love this!,"Absolutely love this! Overall, it's a great choice."
Canon EOS R6,13850,4,Intuitive interface.,"Intuitive interface. Overall, it's a great choice."
Canon EOS R6,13850,2,It broke after a month of use.,It broke after a month of use. I wouldn't recommend this product.
Canon EOS R6,13850,5,Fantastic performance!,"Fantastic performance! Overall, it's a great choice."
Canon EOS R6,13850,3,Customer service was unhelpful.,Customer service was unhelpful. I wouldn't recommend this product.
Canon EOS R6,13850,5,Great value for the price.,"Great value for the price. Overall, it's a great choice."
Canon EOS R6,13850,3,The screen is too dim.,The screen is too dim. I wouldn't recommend this product.
Canon EOS R6,13850,5,Works like a charm.,"Works like a charm. Overall, it's a great choice."
Nikon Z6 II,13490,4,Absolutely love this!,"Absolutely love this! Overall, it's a great choice."
Nikon Z6 II,13490,3,I had some issues with the setup.,I had some issues with the setup. I wouldn't recommend this product.
Nikon Z6 II,13490,3,Customer service was unhelpful.,Customer service was unhelpful. I wouldn't recommend this product.
Nikon Z6 II,13490,5,Absolutely love this!,"Absolutely love this! Overall, it's a great choice."
Nikon Z6 II,13490,4,Sound quality is outstanding!,"Sound quality is outstanding! Overall, it's a great choice."
Nikon Z6 II,13490,3,The app is very glitchy.,The app is very glitchy. I wouldn't recommend this product.
Nikon Z6 II,13490,4,Great value for the price.,"Great value for the price. Overall, it's a great choice."
Nikon Z6 II,13490,2,It gets hot after a short time.,It gets hot after a short time. I wouldn't recommend this product.
Nikon Z6 II,13490,5,Fast and reliable.,"Fast and reliable. Overall, it's a great choice."
Nikon Z6 II,13490,5,Highly recommend it for anyone in the market.,"Highly recommend it for anyone in the market. Overall, it's a great choice."
Samsung QN90A Neo QLED TV,12200,5,This product exceeded my expectations.,"This product exceeded my expectations. Overall, it's a great choice."
Samsung QN90A Neo QLED TV,12200,3,Not as advertised.,Not as advertised. I wouldn't recommend this product.
Samsung QN90A Neo QLED TV,12200,4,The quality is top-notch.,"The quality is top-notch. Overall, it's a great choice."
Samsung QN90A Neo QLED TV,12200,4,Sturdy and well-built.,"Sturdy and well-built. Overall, it's a great choice."
Samsung QN90A Neo QLED TV,12200,4,Best purchase I've made this year.,"Best purchase I've made this year. Overall, it's a great choice."
Samsung QN90A Neo QLED TV,12200,3,The performance is underwhelming.,The performance is underwhelming. I wouldn't recommend this product.
Samsung QN90A Neo QLED TV,12200,1,The sound quality is disappointing.,The sound quality is disappointing. I wouldn't recommend this product.
Samsung QN90A Neo QLED TV,12200,4,Perfect for my needs!,"Perfect for my needs! Overall, it's a great choice."
Samsung QN90A Neo QLED TV,12200,2,Too bulky for everyday use.,Too bulky for everyday use. I wouldn't recommend this product.
Samsung QN90A Neo QLED TV,12200,4,Works like a charm.,"Works like a charm. Overall, it's a great choice."
LG C2 OLED TV,13020,1,Customer service was unhelpful.,Customer service was unhelpful. I wouldn't recommend this product.
LG C2 OLED TV,13020,3,Too bulky for everyday use.,Too bulky for everyday use. I wouldn't recommend this product.
LG C2 OLED TV,13020,1,The screen is too dim.,The screen is too dim. I wouldn't recommend this product.
LG C2 OLED TV,13020,3,The app is very glitchy.,The app is very glitchy. I wouldn't recommend this product.
LG C2 OLED TV,13020,4,This product exceeded my expectations.,"This product exceeded my expectations. Overall, it's a great choice."
LG C2 OLED TV,13020,5,This product is a game changer.,"This product is a game changer. Overall, it's a great choice."
LG C2 OLED TV,13020,1,Too bulky for everyday use.,Too bulky for everyday use. I wouldn't recommend this product.
LG C2 OLED TV,13020,2,The app is very glitchy.,The app is very glitchy. I wouldn't recommend this product.
LG C2 OLED TV,13020,3,The screen is too dim.,The screen is too dim. I wouldn't recommend this product.
LG C2 OLED TV,13020,3,Customer service was unhelpful.,Customer service was unhelpful. I wouldn't recommend this product.
Apple iPad Pro,10940,5,Perfect for my needs!,"Perfect for my needs! Overall, it's a great choice."
Apple iPad Pro,10940,5,Great value for the price.,"Great value for the price. Overall, it's a great choice."
Apple iPad Pro,10940,4,Fantastic performance!,"Fantastic performance! Overall, it's a great choice."
Apple iPad Pro,10940,5,The quality is top-notch.,"The quality is top-notch. Overall, it's a great choice."
Apple iPad Pro,10940,2,It broke after a month of use.,It broke after a month of use. I wouldn't recommend this product.
Apple iPad Pro,10940,1,The sound quality is disappointing.,The sound quality is disappointing. I wouldn't recommend this product.
Apple iPad Pro,10940,2,Too bulky for everyday use.,Too bulky for everyday use. I wouldn't recommend this product.
Apple iPad Pro,10940,1,Customer service was unhelpful.,Customer service was unhelpful. I wouldn't recommend this product.
Apple iPad Pro,10940,5,Best purchase I've made this year.,"Best purchase I've made this year. Overall, it's a great choice."
Apple iPad Pro,10940,2,Battery life could be better.,Battery life could be better. I wouldn't recommend this product.
Microsoft Surface Pro 9,11190,4,This product exceeded my expectations.,"This product exceeded my expectations. Overall, it's a great choice."
Microsoft Surface Pro 9,11190,2,Too bulky for everyday use.,Too bulky for everyday use. I wouldn't recommend this product.
Microsoft Surface Pro 9,11190,3,Very difficult to set up.,Very difficult to set up. I wouldn't recommend this product.
Microsoft Surface Pro 9,11190,5,This product exceeded my expectations.,"This product exceeded my expectations. Overall, it's a great choice."
Microsoft Surface Pro 9,11190,2,Not as advertised.,Not as advertised. I wouldn't recommend this product.
Microsoft Surface Pro 9,11190,4,Lightweight and portable.,"Lightweight and portable. Overall, it's a great choice."
Microsoft Surface Pro 9,11190,3,It broke after a month of use.,It broke after a month of use. I wouldn't recommend this product.
Microsoft Surface Pro 9,11190,5,Sturdy and well-built.,"Sturdy and well-built. Overall, it's a great choice."
Microsoft Surface Pro 9,11190,3,Not as advertised.,Not as advertised. I wouldn't recommend this product.
Microsoft Surface Pro 9,11190,4,Absolutely love this!,"Absolutely love this! Overall, it's a great choice."
Anker PowerCore 26800,11120,1,Too bulky for everyday use.,Too bulky for everyday use. I wouldn't recommend this product.
Anker PowerCore 26800,11120,1,Too bulky for everyday use.,Too bulky for everyday use. I wouldn't recommend this product.
Anker PowerCore 26800,11120,3,Too bulky for everyday use.,Too bulky for everyday use. I wouldn't recommend this product.
Anker PowerCore 26800,11120,5,Best purchase I've made this year.,"Best purchase I've made this year. Overall, it's a great choice."
Anker PowerCore 26800,11120,3,The app is very glitchy.,The app is very glitchy. I wouldn't recommend this product.
Anker PowerCore 26800,11120,4,Sound quality is outstanding!,"Sound quality is outstanding! Overall, it's a great choice."
Anker PowerCore 26800,11120,3,Battery life could be better.,Battery life could be better. I wouldn't recommend this product.
Anker PowerCore 26800,11120,4,Absolutely love this!,"Absolutely love this! Overall, it's a great choice."
Anker PowerCore 26800,11120,2,Battery life could be better.,Battery life could be better. I wouldn't recommend this product.
Anker PowerCore 26800,11120,2,Very difficult to set up.,Very difficult to set up. I wouldn't recommend this product.
Belkin BoostCharge Pro,13260,1,The sound quality is disappointing.,The sound quality is disappointing. I wouldn't recommend this product.
Belkin BoostCharge Pro,13260,4,Sturdy and well-built.,"Sturdy and well-built. Overall, it's a great choice."
Belkin BoostCharge Pro,13260,2,The screen is too dim.,The screen is too dim. I wouldn't recommend this product.
Belkin BoostCharge Pro,13260,3,It does not meet my expectations.,It does not meet my expectations. I wouldn't recommend this product.
Belkin BoostCharge Pro,13260,3,The screen is too dim.,The screen is too dim. I wouldn't recommend this product.
Belkin BoostCharge Pro,13260,4,Perfect for my needs!,"Perfect for my needs! Overall, it's a great choice."
Belkin BoostCharge Pro,13260,1,Battery life could be better.,Battery life could be better. I wouldn't recommend this product.
Belkin BoostCharge Pro,13260,1,The performance is underwhelming.,The performance is underwhelming. I wouldn't recommend this product.
Belkin BoostCharge Pro,13260,3,Very difficult to set up.,Very difficult to set up. I wouldn't recommend this product.
Belkin BoostCharge Pro,13260,1,Very difficult to set up.,Very difficult to set up. I wouldn't recommend this product.
Bose SoundLink Revolve+,10490,5,Sturdy and well-built.,"Sturdy and well-built. Overall, it's a great choice."
Bose SoundLink Revolve+,10490,4,Fast and reliable.,"Fast and reliable. Overall, it's a great choice."
Bose SoundLink Revolve+,10490,5,Sturdy and well-built.,"Sturdy and well-built. Overall, it's a great choice."
Bose SoundLink Revolve+,10490,5,Fast and reliable.,"Fast and reliable. Overall, it's a great choice."
Bose SoundLink Revolve+,10490,1,It gets hot after a short time.,It gets hot after a short time. I wouldn't recommend this product.
Bose SoundLink Revolve+,10490,1,Very difficult to set up.,Very difficult to set up. I wouldn't recommend this product.
Bose SoundLink Revolve+,10490,4,Perfect for my needs!,"Perfect for my needs! Overall, it's a great choice."
Bose SoundLink Revolve+,10490,1,Not as advertised.,Not as advertised. I wouldn't recommend this product.
Bose SoundLink Revolve+,10490,1,The sound quality is disappointing.,The sound quality is disappointing. I wouldn't recommend this product.
Bose SoundLink Revolve+,10490,1,Very difficult to set up.,Very difficult to set up. I wouldn't recommend this product.
JBL Flip 6,11560,3,It does not meet my expectations.,It does not meet my expectations. I wouldn't recommend this product.
JBL Flip 6,11560,3,Poor build quality.,Poor build quality. I wouldn't recommend this product.
JBL Flip 6,11560,3,Battery life could be better.,Battery life could be better. I wouldn't recommend this product.
JBL Flip 6,11560,2,It broke after a month of use.,It broke after a month of use. I wouldn't recommend this product.
JBL Flip 6,11560,4,Best purchase I've made this year.,"Best purchase I've made this year. Overall, it's a great choice."
JBL Flip 6,11560,5,Works like a charm.,"Works like a charm. Overall, it's a great choice."
JBL Flip 6,11560,5,This product exceeded my expectations.,"This product exceeded my expectations. Overall, it's a great choice."
JBL Flip 6,11560,2,It does not meet my expectations.,It does not meet my expectations. I wouldn't recommend this product.
JBL Flip 6,11560,3,The screen is too dim.,The screen is too dim. I wouldn't recommend this product.
JBL Flip 6,11560,1,Not worth the price.,Not worth the price. I wouldn't recommend this product.
Amazon Echo Dot (5th Gen),10570,5,Very user-friendly.,"Very user-friendly. Overall, it's a great choice."
Amazon Echo Dot (5th Gen),10570,2,Customer service was unhelpful.,Customer service was unhelpful. I wouldn't recommend this product.
Amazon Echo Dot (5th Gen),10570,5,This product exceeded my expectations.,"This product exceeded my expectations. Overall, it's a great choice."
Amazon Echo Dot (5th Gen),10570,4,Best purchase I've made this year.,"Best purchase I've made this year. Overall, it's a great choice."
Amazon Echo Dot (5th Gen),10570,1,The screen is too dim.,The screen is too dim. I wouldn't recommend this product.
Amazon Echo Dot (5th Gen),10570,1,It does not meet my expectations.,It does not meet my expectations. I wouldn't recommend this product.
Amazon Echo Dot (5th Gen),10570,4,Best purchase I've made this year.,"Best purchase I've made this year. Overall, it's a great choice."
Amazon Echo Dot (5th Gen),10570,4,This product is a game changer.,"This product is a game changer. Overall, it's a great choice."
Amazon Echo Dot (5th Gen),10570,4,Best purchase I've made this year.,"Best purchase I've made this year. Overall, it's a great choice."
Amazon Echo Dot (5th Gen),10570,2,The app is very glitchy.,The app is very glitchy. I wouldn't recommend this product.
Google Nest Hub (2nd Gen),10780,2,Limited features for the price.,Limited features for the price. I wouldn't recommend this product.
Google Nest Hub (2nd Gen),10780,3,I had some issues with the setup.,I had some issues with the setup. I wouldn't recommend this product.
Google Nest Hub (2nd Gen),10780,1,Poor build quality.,Poor build quality. I wouldn't recommend this product.
Google Nest Hub (2nd Gen),10780,2,It broke after a month of use.,It broke after a month of use. I wouldn't recommend this product.
Google Nest Hub (2nd Gen),10780,4,Absolutely love this!,"Absolutely love this! Overall, it's a great choice."
Google Nest Hub (2nd Gen),10780,5,Intuitive interface.,"Intuitive interface. Overall, it's a great choice."
Google Nest Hub (2nd Gen),10780,1,The sound quality is disappointing.,The sound quality is disappointing. I wouldn't recommend this product.
Google Nest Hub (2nd Gen),10780,4,The quality is top-notch.,"The quality is top-notch. Overall, it's a great choice."
Google Nest Hub (2nd Gen),10780,1,I had some issues with the setup.,I had some issues with the setup. I wouldn't recommend this product.
Google Nest Hub (2nd Gen),10780,2,Poor build quality.,Poor build quality. I wouldn't recommend this product.
Ring Video Doorbell Pro 2,12510,3,The app is very glitchy.,The app is very glitchy. I wouldn't recommend this product.
Ring Video Doorbell Pro 2,12510,4,Highly recommend it for anyone in the market.,"Highly recommend it for anyone in the market. Overall, it's a great choice."
Ring Video Doorbell Pro 2,12510,3,It does not meet my expectations.,It does not meet my expectations. I wouldn't recommend this product.
Ring Video Doorbell Pro 2,12510,5,Fantastic performance!,"Fantastic performance! Overall, it's a great choice."
Ring Video Doorbell Pro 2,12510,5,Highly recommend it for anyone in the market.,"Highly recommend it for anyone in the market. Overall, it's a great choice."
Ring Video Doorbell Pro 2,12510,3,It gets hot after a short time.,It gets hot after a short time. I wouldn't recommend this product.
Ring Video Doorbell Pro 2,12510,5,Absolutely love this!,"Absolutely love this! Overall, it's a great choice."
Ring Video Doorbell Pro 2,12510,4,Works like a charm.,"Works like a charm. Overall, it's a great choice."
Ring Video Doorbell Pro 2,12510,3,Battery life could be better.,Battery life could be better. I wouldn't recommend this product.
Ring Video Doorbell Pro 2,12510,4,Works like a charm.,"Works like a charm. Overall, it's a great choice."
Philips Hue White and Color Ambiance,14540,3,The app is very glitchy.,The app is very glitchy. I wouldn't recommend this product.
Philips Hue White and Color Ambiance,14540,5,This product is a game changer.,"This product is a game changer. Overall, it's a great choice."
Philips Hue White and Color Ambiance,14540,3,Battery life could be better.,Battery life could be better. I wouldn't recommend this product.
Philips Hue White and Color Ambiance,14540,4,Works like a charm.,"Works like a charm. Overall, it's a great choice."
Philips Hue White and Color Ambiance,14540,1,It does not meet my expectations.,It does not meet my expectations. I wouldn't recommend this product.
Philips Hue White and Color Ambiance,14540,4,Intuitive interface.,"Intuitive interface. Overall, it's a great choice."
Philips Hue White and Color Ambiance,14540,3,Not worth the price.,Not worth the price. I wouldn't recommend this product.
Philips Hue White and Color Ambiance,14540,4,Fast and reliable.,"Fast and reliable. Overall, it's a great choice."
Philips Hue White and Color Ambiance,14540,4,Best purchase I've made this year.,"Best purchase I've made this year. Overall, it's a great choice."
Philips Hue White and Color Ambiance,14540,4,Intuitive interface.,"Intuitive interface. Overall, it's a great choice."
TP-Link Kasa Smart Wi-Fi Plug,12400,3,It broke after a month of use.,It broke after a month of use. I wouldn't recommend this product.
TP-Link Kasa Smart Wi-Fi Plug,12400,3,The app is very glitchy.,The app is very glitchy. I wouldn't recommend this product.
TP-Link Kasa Smart Wi-Fi Plug,12400,4,Sturdy and well-built.,"Sturdy and well-built. Overall, it's a great choice."
TP-Link Kasa Smart Wi-Fi Plug,12400,4,Very user-friendly.,"Very user-friendly. Overall, it's a great choice."
TP-Link Kasa Smart Wi-Fi Plug,12400,5,The quality is top-notch.,"The quality is top-notch. Overall, it's a great choice."
TP-Link Kasa Smart Wi-Fi Plug,12400,4,Sound quality is outstanding!,"Sound quality is outstanding! Overall, it's a great choice."
TP-Link Kasa Smart Wi-Fi Plug,12400,4,Highly recommend it for anyone in the market.,"Highly recommend it for anyone in the market. Overall, it's a great choice."
TP-Link Kasa Smart Wi-Fi Plug,12400,3,It gets hot after a short time.,It gets hot after a short time. I wouldn't recommend this product.
TP-Link Kasa Smart Wi-Fi Plug,12400,5,Sturdy and well-built.,"Sturdy and well-built. Overall, it's a great choice."
TP-Link Kasa Smart Wi-Fi Plug,12400,2,The performance is underwhelming.,The performance is underwhelming. I wouldn't recommend this product.
Wyze Cam v3,14080,4,Lightweight and portable.,"Lightweight and portable. Overall, it's a great choice."
Wyze Cam v3,14080,5,Fast and reliable.,"Fast and reliable. Overall, it's a great choice."
Wyze Cam v3,14080,4,Fantastic performance!,"Fantastic performance! Overall, it's a great choice."
Wyze Cam v3,14080,3,Customer service was unhelpful.,Customer service was unhelpful. I wouldn't recommend this product.
Wyze Cam v3,14080,5,Very user-friendly.,"Very user-friendly. Overall, it's a great choice."
Wyze Cam v3,14080,1,Battery life could be better.,Battery life could be better. I wouldn't recommend this product.
Wyze Cam v3,14080,1,Poor build quality.,Poor build quality. I wouldn't recommend this product.
Wyze Cam v3,14080,2,It gets hot after a short time.,It gets hot after a short time. I wouldn't recommend this product.
Wyze Cam v3,14080,2,I had some issues with the setup.,I had some issues with the setup. I wouldn't recommend this product.
Wyze Cam v3,14080,3,It broke after a month of use.,It broke after a month of use. I wouldn't recommend this product.
